word,n
#glossier,6449
#Glossier,2306
https://www.,1933
@glossier,1898
20%,1341
I,1113
https://,1057
#beauty,952
#makeup,863
#skincare,856
Glossier,770
glossier,639
#bbloggers,557
#GLOSSIER,551
10%,439
purchase,425
http://www.,378
link,361
Get,355
here:,323
The,319
#damselflavored,299
#giveaway,292
products,276
My,269
WIN,269
Makeup,268
Enter,250
#beautybloggers,237
#wowder,234
Hereâ€™s,231
Beauty,223
shipping,218
entered,212
free,211
Must,211
bit.ly/2wJDMHf,207
code,206
Haves.,206
@mindbeautystyle,205
I'm,202
skin,191
#glossierrep,189
love,188
#bblogger,178
New,178
beauty,174
1st,170
#intothegloss,156
Use,155
fresh,155
@Glossier,153
#boybrow,145
basics,143
leave,142
glowing,142
#fashion,141
Phase,140
Skin,139
Shop,139
makeup,138
Balm,137
Just,135
|,135
Cloud,134
review,133
#glossieruk,127
1,125
#glossierdiscount,124
shop,124
excited,124
balm,123
away.,123
#balmdotcom,121
This,119
2,117
Here's,116
We,116
So,113
purchase!,113
save,111
It's,111
#beautyblogger,110
G,110
@EmilyWWeiss,107
You,106
brand,106
dream,105
wait,103
Boy,101
...,101
#cloudpaint,101
day,98
blog,98
glossier.com/reps/katiesche,97
nk,97
If,97
UK,95
How,95
bff.glossier.com/dJ7b8,95
win,94
@IntoTheGloss,89
bring,89
#Beauty,88
Today's,88
What,86
When,85
#blogger,84
Save,84
time,84
Paint,84
Generation,84
Check,83
#glossierthailand,82
worldwide.,82
twitter.com/glossier/statu,81
favorite,81
lip,81
post,80
skincare,80
Link,80
Glossier!,80
Thanks,80
order:,80
brow,79
Dotcom,78
#promocode,78
Have,76
order!,76
ship,76
@FemaleBloggerRT,75
link:,74
#love,74
Happy,74
bio,74
Brow,73
out!,73
Don't,73
Jelly,72
#glossierpink,72
NEW,72
I've,71
#BloggingGals,70
Milky,70
Love,70
perfect,69
enter,69
It,69
product,68
#glossiercode,67
cloud,66
Emily,66
Thank,66
Haloscope,65
#thegirlgang,65
boy,65
coming,65
packaging,64
bff.glossier.com/fWooo,64
Take,63
Tint,63
morning,62
#glossierpromo,62
#skin,62
today!,61
buy,60
paint,60
Anyone,60
promo,60
off!,60
On,60
Why,60
forget,60
#ontheblog,60
bff.glossier.com/fET1D,59
Supers,59
GLOSSIER,58
#discount,58
glossier.com/reps/cindy,58
girl,58
Can't,58
#glossiergirl,58
discount,57
#skinisin,57
#pdx,56
First,56
Is,56
de,55
link!,55
Cleanser,54
#tatcha,54
#chanelbeauty,54
check,53
Super,53
purchase:,53
),52
goodies,52
set,51
finally,51
lips,51
launch,51
Weiss,51
#haloscope,50
HERE,50
#maskforce,50
Priming,49
To,49
dotcom,49
#getglossier,49
posted!,49
Good,48
@emilywweiss,48
:),48
We'll,48
yet?,47
Lip,47
glossier.com/reps/gabrielle,47
rep,47
kit!,47
CLICK,47
@BBlogRT,46
obsessed,46
w/,46
@intothegloss,46
home,45
#lipbalm,45
night,45
See,45
video,45
Need,45
=,45
And,45
Still,45
start,45
#rmsbeauty,45
Monday,44
-->,44
pink,44
#UK,44
sharing,44
For,43
#CloudPaint,43
products!,43
Building,43
#motd,42
Skincare,42
Free,42
amazing,42
#nyc,42
US,42
dnamag.co/home/glossier-,42
generation-g-review,42
/,41
#EmilyWeiss,41
#byredo,41
Got,41
#luxurybeauty,41
#tomfordbeauty,41
#promo,40
contemplating,40
phase,40
Review,40
Want,39
Read,39
#Instagram,39
Moisturizer,39
here!,39
essentials,39
glossier.com/reps/kelsey,38
worth,38
live,38
care,38
mask,38
All,38
Products,38
Our,38
it.,38
Serums,38
CEO,38
#coupon,37
bought,37
Hey,37
super,37
happy,37
line,37
this?,37
Cosmetics,37
Friday,36
products.,36
#blog,36
rizzo,36
In,36
Stretch,36
skin.,36
feel,35
#regram,35
hands,35
Sunday,35
la,35
#skincareroutine,35
#emilyweiss,35
off:,35
trending,35
bit.ly/2cSyFux,34
THE,34
loving,34
cute,34
birthday,34
Wanna,34
good.,34
#ctilburymakeup,34
#kendrascott,34
08liter.com/api/shared/010,34
8/0404/2074/58,34
it!,33
Haul,33
#phase2,33
London,33
#bodyhero,33
today.,33
picked,33
Iâ€™m,33
Excited,33
Treat,33
life,33
#IRL,33
#thesupers,33
sets,33
Stay,33
bff.glossier.com/dGLCY,33
bff.glossier.com/ec-kD,33
0.8L!,33
Please,32
pop,32
ships,32
bio.,32
Finally,32
moisturizer,32
gloss,32
RT,32
Do,32
week,32
Wowder,32
#pink,32
bit.ly/1DEZ84J,32
#chanel,31
FREE,31
#pnw,31
Try,31
#lamer,31
Click,31
OFF,31
favorites,31
priming,31
UK!,31
ready,31
#newin,31
#generationg,31
spa,31
showroom,30
dot,30
cleanser,30
!!,30
Summer,30
Gloss,30
#tataharper,30
read,30
Perfecting,30
Loving,30
bestie!,30
#glossieryou,29
guys,29
#yas,29
That,29
fave,29
2017,29
stickers,29
#skinfirst,29
stuff,29
5,29
Black,28
me!,28
Head,28
le,28
AND,28
entire,28
glossier.com/reps/sarahtino,28
(and,28
off.,28
arrived,28
jelly,28
picks.,28
Face,28
bff.glossier.com/e4SQJ,28
#GlossierDiscount,28
||,27
#lipstick,27
Instagram,27
impressions,27
fun,27
@â€¦,27
sunscreen,27
Concealer,27
Set,27
now:,27
brows,27
Photo:,27
Time,26
#cosmetics,26
hype,26
en,26
#glossierreps,26
#bblog,26
Body,26
Hero,26
#fotd,26
Now,26
pop-up,26
glow,26
only;,26
(,26
launched,26
What's,26
routine,26
Every,26
serums,26
generation,25
Who,25
#OnTheBlog,25
#beautyblog,25
haul,25
shipping!,25
gift,25
shopping,25
store,25
Glossier's,25
#review,25
At,25
package,25
With,25
SO,25
sample,25
mail,25
coconut,25
Beam,25
Promo,25
These,25
Skincare;,25
glossier.com/reps/lana,24
#glossiercanada,24
MY,24
4,24
#byterry,24
day.,24
#itgtopshelfie,24
winter,24
One,24
3,24
beautiful,24
body,24
wearing,24
milky,24
details.,24
<3,24
Into,24
#sunscreen,24
Online,24
Empire,24
meet,23
#fblchat,23
now!,23
haloscope,23
Rich,23
Your,23
makes,23
pretty,23
customer,23
cool,23
#PromoCode,23
launching,23
#summer,23
Review:,23
follow,23
Has,23
Birthday,23
@YouTube,23
#code,23
Are,22
concealer,22
#treatyoself,22
â€™s,22
chance,22
IS,22
NYC,22
I'll,22
#lbloggers,22
Duo,22
ur,22
Mask,22
order.,22
#nars,22
launches,22
NY,22
friends,22
people,22
#IntoTheGloss,21
Order,21
cult,21
IN,21
Glossierã®ã‚¤ãƒ³ã‚¹ã‚¿ã‚°ãƒ©ãƒ ,21
Can,21
duo,21
#shopping,21
Did,21
treat,21
email,21
#GRLPOWR,21
box,21
Hey;,21
code:,21
page,21
tomorrow,21
#NYC,21
U.K.,21
Build,21
lipstick,21
building,21
Some,21
deserves,21
#pursuepretty,21
top,20
#blogpost,20
too!,20
Today,20
me;,20
days,20
buying,20
stock,20
items,20
Does,20
Great,20
#seattle,20
Saturday,20
stop,20
Look,20
Not,20
$30,20
Like,20
#lelabo,20
Invisible,20
tint,20
Morning,20
#Makeup,20
matte,20
Brand,20
#Wowder,20
#girlboss,20
lips.,20
#beautyreview,20
Disrupt,20
Clear,20
tmblr.co/Zfqpbw28-b1pw,20
#giftguide,19
>,19
YOU,19
#portland,19
#blogging,19
real,19
Last,19
skin;,19
Winter,19
#BoyBrow,19
No,19
#fragrance,19
you!,19
list,19
wanna,19
Everything,19
Glow,19
cream,19
order?,19
Pink,19
#maccosmetics,19
click,19
glossier.,19
products?,19
#bitebeauty,19
loves,19
order;,19
Coconut,19
#glow,19
waiting,19
pretty!,19
$5,19
Canada,19
#girlsnight,19
tmblr.co/ZwPidn2EAWRo_,19
#mua,18
#sale,18
#lasvegas,18
#crueltyfree,18
LOVE,18
#blackfriday,18
blog!,18
Buy,18
#drunkelephant,18
me.,18
#youtube,18
Also,18
Oh,18
Rose,18
bag,18
natural,18
Its,18
Any,18
laurzrah.co/glossier-overv,18
iew,18
--->,18
#new,18
Follow,18
glossier.com/reps/starr,18
Best,18
Puff,18
#invisibleshield,18
moon,18
glossier.com,18
thb,18
delivery,17
perfume,17
ALL,17
#blush,17
nice,17
Daily,17
hype?,17
#30plusblogs,17
#GlossierUK,17
#vscocam,17
tmblr.co/Zfqpbw2P9iWyn,17
#fashiongram,17
#jotd,17
Day,17
Christmas,17
build,17
Glossier.,17
color,17
smells,17
#lipgloss,17
you;,17
Discount,17
They,17
receive,17
#obsessed,17
--,17
Top,17
purchase.,17
dewy,17
rose,17
Following,17
bff.glossier.com/f6PpC,17
tmblr.co/Zfqpbw2M4y4Hy,17
tons,17
haves!,17
wn.nr/SEFgyX,17
pic.twitter.com/0eRbFgXzFU,17
Two,17
Make,16
everyday,16
Balms,16
Off,16
customers,16
faves,16
#cledepeau,16
#perfume,16
hair,16
products;,16
#charlottetilbury,16
#makeupartist,16
#bffcode,16
NEED,16
Obsessed,16
now.,16
>>,16
#glossierboybrow,16
#Haloscope,16
Canada;,16
#couponcode,16
protect,16
shade,16
that!,16
ow.ly/a8Ry30fOS68,16
Social,16
#dior,16
startup,16
We're,16
grtstyl.us/1EJ7wV1,16
#Tatcha,16
bff.glossier.com/d5bsl,16
ln.is/gleam.io/SY8uJ,16
#0.8L,16
glossier!,15
game,15
Here,15
stretch,15
#discountcode,15
highlighter,15
Go,15
weekend,15
Paints,15
#beautyproducts,15
#popup,15
blush,15
millennial,15
Grab,15
Code:,15
code?,15
Dot,15
@UKBloggers1,15
#style,15
Glossier:,15
#free,15
@BFblogrt_,15
Shield,15
#skintint,15
Will,15
#cleanbeauty,15
obsession,15
O,15
glowy,15
Cult-Like,15
#bbloggersca,15
summer,15
#hair,15
coupon,15
#TC,15
first.,15
Cool,15
TREND,15
#Promo,15
bit.ly/1rIef6R,15
#beautyaddict,14
cherry,14
Todayâ€™s,14
day!,14
#london,14
coming.,14
black,14
heard,14
bff.glossier.com/d0eqB,14
York,14
Itâ€™s,14
founder,14
serum,14
wash,14
bff.glossier.com/gHKa4,14
thinking,14
bits,14
money,14
#glossiershowroom,14
call,14
#laprairie,14
more:,14
gonna,14
FOR,14
There,14
Gen,14
Trying,14
#bts,14
cherylwonggg.com/2017/10/glossi,14
er-haul-review.html,14
#Bloggerstribe,14
#thebloggerscircle,14
E,14
glossier.com/reps/ashleybyrd,14
found,14
Glossier.com/reps/cindy,14
#lips,14
#glossierinthewild,14
#burberrybeauty,14
cake,14
From,14
bloglovin.com/blogs/cindyhyu,14
tonight,14
today's,14
Hacked,14
Hello,14
overview,14
More,14
daily,14
They're,14
content,14
promise,14
stock!,14
#diptyque,14
Smile,14
,14
second.,14
and...,14
stages,14
#paintcorrection,14
posted.,14
shop:,13
Glossier?,13
Coming,13
Up,13
goodies!,13
TO,13
wear,13
gorgeous,13
IG,13
fragrance,13
#makeupaddict,13
Another,13
#nebloggers,13
happen,13
#moonmask,13
#BlackFriday,13
!!!,13
Looking,13
holiday,13
â€”>,13
live!,13
Hi,13
soft,13
recommend,13
#mask,13
Pretty,13
marketing,13
#Canada,13
#mac,13
lovely,13
Worth,13
giving,13
Very,13
Quartz,13
bc,13
#marketing,13
About,13
referral,13
channel!,13
#ecommerce,13
#SocialMedia,13
#esteelauder,13
#concealer,13
tuned!,13
back!,13
tuned,13
photo,13
cleaning,13
require,13
B,13
âžž,13
guru,13
#onomie,13
#ITG,13
topped,13
#Carpro,13
#essence,13
Pizza,12
tmblr.co/Z8ID7y2RmIoEw,12
#kohgendo,12
Picks,12
Impressions,12
#skinfirstmakeupsecond,12
Be,12
picks,12
#glossierlondon,12
skin...,12
tmblr.co/Zfqpbw2R6gY8E,12
itâ€™s,12
#primingmoisturizer,12
SHIPPING,12
THIS,12
light,12
DM,12
arrived!,12
#vsco,12
taking,12
received,12
tomorrow!,12
party,12
Been,12
share,12
#milkyjellycleanser,12
#serums,12
team,12
Com,12
extra,12
face.,12
Currently,12
officially,12
Ordered,12
#serum,12
Greens,12
#Skincare,12
#selfie,12
talk,12
#instagram,12
shine,12
à¸šà¸²à¸—,12
You're,12
test,12
essentials.,12
#cleanser,12
fans,12
arrive,12
S,12
Wearing,12
There's,12
glossier.com/reps/amelia,12
makeup.,12
bff.glossier.com/gaVxT,12
Sign,12
matter.,12
always.,12
#generationG,12
#face,12
#careergirl,12
#TheSupers,12
#kyprisbeauty,12
Nothing,12
#brows,12
moisturizing,12
inside,12
Tint;,12
#diorbeauty,12
Leo,12
released,12
,12
bff.glossier.com/ekqJU,12
#milkyjelly,12
scratch,12
bff.glossier.com/elqtj,12
Tie,12
#beautylover,11
fannyanddailybeauty.com,11
#drjart,11
6,11
hours,11
left,11
#shelfie,11
Congrats,11
Shipping,11
#fblogger,11
#startup,11
brands,11
ow.ly/2bQH30gzTCt,11
#nefollowers,11
bit,11
subscribe,11
#fbloggers,11
deal,11
PLUS,11
inspired,11
hey,11
ya,11
world,11
#retail,11
Matte,11
glossier's,11
Canada!,11
pls,11
#uk,11
#glowing,11
soon!,11
brought,11
#lanolips,11
#popupshop,11
#dallas,11
week!,11
Mega,11
Galaxy,11
months,11
Let's,11
Help,11
#newyork,11
#chantecaille,11
Moon,11
Perfect,11
#bloggers,11
favourite,11
#urbandecay,11
#ysl,11
#travel,11
But,11
#branding,11
Night,11
#highlighter,11
you.,11
talking,11
this!,11
pouch,11
California,11
glossy,11
create,11
collection,11
hard,11
literally,11
#tech,11
#kiehls,11
#anastasiabeverlyhills,11
Moonstone,11
#Toronto,11
#Skin,11
headband,11
$10,11
#milkmakeup,11
Weightless,11
baby,11
#fresh,11
Ready,11
Tonight's,11
G.,11
inclusive,11
bit.ly/2p61RVH,11
tmblr.co/ZwPidn2KYgpRp,11
Lafayette,11
#packaging,11
bff.glossier.com/dILa0,11
Tips,11
Raises,11
bff.glossier.com/dQv3Q,11
#sxsw,11
#ctilburybeauty,11
patience.,11
tinyurl.com/y83jlz4u,10
Start,10
community,10
#GlossierYou,10
#oregon,10
#bloggerstribe,10
hear,10
As,10
Me,10
stay,10
applied,10
reviews,10
â€”,10
sale,10
Monday!,10
Monday;,10
#stretchconcealer,10
out.,10
credit,10
now;,10
skin!,10
bff.glossier.com/fztw2,10
#win,10
including,10
Showroom,10
#glossierpromocode,10
Brands,10
dry,10
#CrueltyFree,10
Glossier;,10
#pixibeauty,10
Tuesday,10
service,10
Welcome,10
#losangeles,10
Only,10
this.,10
Pop-Up,10
SPF,10
invisible,10
shield,10
#foreo,10
Haze,10
Win,10
profile,10
takes,10
perfecting,10
Brow.,10
Product,10
week.,10
Am,10
#BeautyBlogger,10
online,10
weeks,10
blog:,10
vibes,10
YOUR,10
#ootd,10
mint,10
#glossiercloudpaint,10
I'd,10
T,10
Which,10
Had,10
glossier.com/reps/aliciaenk,10
hulzii,10
Brow;,10
@Entrepreneur,10
Powder,10
#toronto,10
ice,10
#julielam,10
company,10
bff.glossier.com/fL3sl,10
CODE:,10
keeping,10
Dusk,10
flat,10
tote,10
Founder,10
#Startups,10
masks,10
lot,10
routine.,10
bff.glossier.com/eAIPS,10
2016,10
#itg,10
2017:,10
empire,10
#wanderbeauty,10
glossierpopup,10
donâ€™t,9
Thinking,9
#millenialpink,9
restock,9
Routine,9
channel,9
link;,9
friend.,9
fav,9
favs,9
@http://,9
#smallyoutuber,9
Remember,9
After,9
Visit,9
Bookmark,9
them.,9
POST:,9
Santa,9
moment,9
Dying,9
Well,9
trip,9
#benefit,9
#itcosmetics,9
theâ€¦,9
Using,9
Find,9
bff.glossier.com/gM-nN,9
hit,9
Phoebe,9
BEST,9
Latest,9
#haul,9
@blogginggals,9
join,9
Keep,9
#essentials,9
soothing,9
mist,9
#malebloggers,9
link.,9
October,9
X,9
eyes,9
Cult,9
Their,9
#natural,9
30,9
#glossiergiveaway,9
starr,9
Glossy,9
story,9
10,9
#tomford,9
code!,9
bio!,9
Puerto,9
tmblr.co/ZwPidn2QOP288,9
lately;,9
exciting,9
glossier;,9
featuring,9
watching,9
pack,9
790,9
bomb,9
Media,9
#socialmedia,9
international,9
Snag,9
make-up,9
Always,9
#radicalskincare,9
#sephora,9
Team,9
dying,9
Getting,9
ft.,9
brown,9
PSA,9
#veganbeauty,9
feat.,9
Also;,9
packages,9
#coconut,9
Pack,9
June,9
#SkinIsIn,9
Most,9
@globalcosmetics,9
France;,9
current,9
#technology,9
Come,9
#preorder,9
bff.glossier.com/eBx_5,9
beautyhealthandcurls.com/2017/04/glossi,9
er-review-reflecting-skin-tint.html,9
#StretchConcealer,9
youtu.be/glqQO5UfG8U,9
#BoyBrown,9
#ouai,9
#coconutbalmdotcom,9
Even,9
Life,9
#blacktieset,9
Internet,9
#nofilterjustglossier,9
#hourglasscosmetics,9
#eCommerce,9
Loves,8
@YourblogRT,8
@BlogRetweet1,8
@BWB_UK,8
#TeacupClub,8
@UKBlogRT,8
@FemBloggers,8
@blogger_babes_,8
#glossierdiscountcode,8
IT,8
#bite,8
blogger,8
time!,8
#freeshipping,8
spend,8
Monday.,8
LINK,8
me:,8
shipping.,8
Talking,8
recommendations,8
#clinique,8
#lancome,8
Street,8
shipment,8
Iâ€™ve,8
rich,8
#flowers,8
score,8
Plus,8
Stock,8
Code,8
thx,8
decide,8
awesome,8
up!,8
#Cosmetics,8
kit,8
#livbloggers,8
smell,8
girls,8
Really,8
Full,8
UK;,8
range,8
#naturalmakeup,8
Feeling,8
Zip,8
#friday,8
#moisturizer,8
healthy,8
#phoebetonkin,8
review!,8
#BodyHero,8
TODAY,8
#vegas,8
Jam,8
Holiday,8
hereâ€™s,8
GET,8
#gloss,8
#mariobadescu,8
OMG,8
special,8
#à¸žà¸£à¸µà¸­à¸­à¹€à¸”à¸­à¸£à¹Œ,8
#howtoperfect,8
#tarte,8
today;,8
R,8
absolute,8
Meet,8
glossier.com/reps/devinkiel,8
Introducing,8
bff.glossier.com/fFfst,8
Guess,8
Soon,8
Code?,8
wait!,8
changing,8
#GlossierPromo,8
#GenerationG,8
D,8
Mist,8
questions,8
7,8
Because,8
marque,8
September,8
Toronto,8
#makeupsecond,8
face!,8
ever.,8
Dotcom.,8
#startups,8
learn,8
@lookerhq,8
#lauramercier,8
*,8
foundation,8
surprise,8
women,8
#yslbeauty,8
By,8
#pretty,8
shades,8
yesterday,8
#social,8
packaging.,8
Finishing,8
#brand,8
glossier.com/reps/katiewald,8
ow,8
#superpure,8
lippies,8
heaven,8
gel,8
makeup;,8
in.,8
balm;,8
obsessed.,8
#spf,8
Digital,8
bff.glossier.com/frnsb,8
masks!,8
An,8
tmblr.co/ZwPidn2K-ebw9,8
#flatlay,8
world.,8
mini,8
#toocoolforschool,8
bff.glossier.com/d_TJp,8
"#glossier""",8
moisturize,8
#bbloggerswanted,8
#guccibeauty,8
#lilahb,8
bff.glossier.com/d6eQ_,8
multimillion-dollar,8
#holidaygifts,8
;),8
#oneloveorganics,8
bff.glossier.com/d7494,8
tmblr.co/ZwPidn26PKLzF,8
"#sxsw""",8
#SXSW,8
#maskselfie,8
Rico,8
Bought,7
life!,7
SAVE,7
complete,7
Open,7
el,7
canâ€™t,7
miss,7
glossier.com/reps/jbs,7
doesnâ€™t,7
11/27.,7
#perfectingskintint,7
Canâ€™t,7
everyone!,7
loved,7
giveaway,7
#beautyjunkie,7
PSA:,7
%,7
AM,7
order!!,7
play,7
visit,7
London;,7
@BoF,7
bit.ly/Glossier-Promo,7
-Code,7
#London,7
blushes,7
laurzrah.co/Glossier-haul,7
feels,7
person,7
paints,7
(or,7
send,7
too.,7
life.,7
#missha,7
#eyebrows,7
half,7
Yes;,7
Nov,7
def,7
Natural,7
andâ€¦,7
Tonkin,7
Right,7
goodness,7
powder,7
Would,7
Made,7
review:,7
Facial,7
article,7
yo,7
#news,7
Haul.,7
@BLOGGERSCIRCLE_,7
C,7
#freshbeauty,7
Moisturizing,7
@coletteparis,7
Waiting,7
hydrated,7
supers,7
Seriously,7
>>>,7
#vlog,7
sweatshirt,7
Gift,7
#business,7
mine,7
here.,7
20%;,7
glossier.com/reps/tamarakra,7
bio),7
â€“,7
USE,7
delivery!,7
lil,7
ssier/,7
glossier.com/gGLSk,7
BLOG,7
Unboxing,7
Of,7
tho,7
spent,7
includes,7
Y,7
bad,7
Launch,7
off;,7
month,7
?!,7
bloglovin.com/blogs/fannyand,7
dailybeautycom-14684329,7
#puff,7
CODE,7
youtu.be/62DafAEgcZ4,7
pls!,7
#fashionblogger,7
#swap,7
#swapyourstuff,7
->,7
#BalmDotCom,7
entrepreneur.com/article/298014,7
#WIN,7
Post,7
La,7
#colette,7
Ã ,7
Line,7
2+,7
Cream,7
checked,7
things:,7
Gold,7
Cake,7
beauties,7
#showroom,7
tonight!,7
Pure,7
grtstyl.us/1cG4cPp,7
job,7
post:,7
site,7
terry,7
more.,7
#darphin,7
created,7
#origins,7
friend,7
youtu.be/aaRJl7os09E,7
IRL,7
#soho,7
things.,7
Think,7
Watch,7
Going,7
Europe,7
flawless,7
#makeupjunkie,7
babies,7
issue,7
#instabeauty,7
it;,7
SUPER,7
selfie,7
#content,7
commerce,7
HUGE,7
bubble,7
tmblr.co/Zfqpbw2LGXZNX,7
@The,7
#cledepeaubeaute,7
#musthave,7
lipsticks,7
#boscia,7
love.,7
Reflecting,7
#superbounce,7
#minimalist,7
F,7
bff.glossier.com/ePd7U,7
Anastasia,7
Steele,7
Trending,7
ow.ly/jC4W30930fP,7
#anastasiasteele,7
#cledepeaubeauteus,7
yummy,7
bff.glossier.com/d5esR,7
tie,7
#nastygal,7
reviewed,7
greens,7
Special,7
SERUMS!,7
highlighters,7
#stickers,7
bff.glossier.com/dA-q_,7
bit.ly/chygiveaway,7
gold,7
#contextskin,7
#NastyGal,7
$8.4M,7
#healthier,7
deals,6
Definitely,6
concealer;,6
#products,6
(I,6
#nyx,6
MORE,6
stromvoe.com/blog/my-glossi,6
er-picks,6
#cybermonday,6
#sundayriley,6
sale!,6
today?,6
honest,6
Sharing,6
set.,6
BLOGGED||,6
@techcrunch,6
there!,6
mi,6
automatically,6
#beautydeals,6
POST,6
oftenâ€”,6
sale.,6
Quartz.,6
excited!,6
ultimate,6
goals,6
Enjoy,6
#Sephora,6
forever,6
ON,6
placing,6
out:,6
Haul;,6
Obviously,6
phone,6
Eyebrow,6
started,6
run,6
mail.,6
#primingmoisturizerrich,6
staples,6
purchased,6
blog.,6
ideas,6
balms,6
oil,6
shower,6
#dusk,6
#red,6
cosmetics,6
cutest,6
à¸£à¸²à¸„à¸²,6
facial,6
~,6
#friends,6
holidays,6
success,6
Place,6
decided,6
soooo,6
popup,6
#erborian,6
tomorrow.,6
Cherry,6
code;,6
.com,6
#glossy,6
#nomakeup,6
#nomakeupmakeup,6
#BBloggers,6
fuss,6
Big,6
reminder,6
more!,6
Hype?,6
purchase;,6
#Style,6
*NEW,6
POST*,6
#yay,6
Rep,6
@TheAnnaEdit,6
proud,6
post!,6
Let,6
real.,6
#armanibeauty,6
hope,6
unique,6
shoot,6
twitter.com/intothegloss/s,6
starting,6
wears,6
arrive!,6
#SPF,6
BALM,6
Glossierâ€™s,6
Favorite,6
#malegrooming,6
#vloggers,6
selling,6
helping,6
V,6
true,6
glowing!,6
Put,6
original,6
idea,6
L,6
Sweet,6
glossier.com/reps/olivia,6
xx,6
discount:,6
forward,6
#health,6
mom,6
incredible,6
Yay!,6
fan,6
hand,6
Leo;,6
arrives,6
#skincareaddict,6
clicking,6
PRE-ORDER,6
sur,6
beam,6
dark,6
red,6
We've,6
feeling,6
hoping,6
Girl,6
Wednesday,6
#SkinTint,6
safe,6
bright,6
#launch,6
milk,6
hits,6
620,6
Oil,6
#GlossierPink,6
million,6
fans!,6
Current,6
e-14515039/my-glossier-picks-a-discount-code-5521888615,6
posted,6
ME,6
Topaz,6
Better,6
#MakeUp,6
tonight.,6
Give,6
Hoop,6
Earrings,6
retail,6
yoself,6
kinda,6
#product,6
Thursday,6
sweatshirt.,6
#girl,6
#jomalone,6
French,6
#illustration,6
Or,6
Beautiful,6
beach,6
purchase?,6
#CEO,6
#saturdayskin,6
powder?,6
#skincarejunkie,6
Favorites,6
brush,6
#balm,6
youtu.be/DCTdxW6T2Cw,6
Things,6
sweet,6
#rose,6
#mint,6
Three,6
#freshface,6
Beauty.,6
cart,6
glossier.com/reps/rebecca,6
WITH,6
son,6
#Strategy,6
#Fashion,6
news,6
!!!!,6
PHASE,6
boxes,6
Swatches,6
y'all,6
#aesop,6
try!,6
#glossierskintint,6
packaging!,6
#drdennisgross,6
#TCDisrupt,6
(&,6
grab,6
-paint,6
#phase1,6
#relocate,6
larger,6
offices,6
#triples,6
#workforce,6
lead,6
#offline,6
#growth,6
goo.gl/R6UtTB,6
glossier.com/reps/damselfla,6
vored,6
tmblr.co/ZwPidn2KJ7cXZ,6
Supers.,6
on?,6
#PerfectingSkinTint,6
#Chanel,6
version,6
fashionisers.com/perfumes-makeu,6
night.,6
Medium,6
showroom!,6
#herbivore,6
Series,6
rich;,6
@GLOSSIER,6
Bag,6
#megagreensgalaxypack,6
sell,6
Everyday,6
PMR,6
Glam,6
Inside,6
ã€‚,6
deserve,6
#online,6
:-),6
flavor,6
bff.glossier.com/dXvMN,6
restocked,6
two!,6
bff.glossier.com/dFBKi,6
Looks,6
bff.glossier.com/dztdx,6
#monochrome,6
Gal,6
Hey!,6
onlyâ€”but,6
US-only;,6
@123,6
glossier.com/reps/caseywahl,5
#NARS,5
changer,5
like.,5
HAVE,5
minutes,5
cleanser;,5
Moisturiser,5
#Dior,5
Yes,5
#glossiercoupon,5
discount!,5
glossier.com/reps/danyel,5
Literally,5
Battle,5
Lips,5
#aquaphor,5
stuff!,5
brand;,5
EVERYTHING,5
eye,5
youtu.be/OvkiJ8V8zjo,5
brow;,5
returning,5
Cannot,5
se,5
los,5
lovers,5
life;,5
Mon;,5
24,5
SALE,5
order),5
wonderful,5
pick,5
BIO,5
experience,5
running,5
chapped,5
Gel,5
stickers!,5
free!,5
Friday!,5
up.,5
checkout.,5
midnight,5
get?,5
#makeupforever,5
#paint,5
goodies.,5
EXCITED,5
businessoffashion.com/articles/intel,5
item,5
Flower,5
#glossierpopup,5
dreams,5
Lipgloss,5
stain,5
scent,5
#gifts,5
designed,5
Making,5
#omorovicza,5
setting,5
event,5
yet;,5
looked,5
mixed,5
listening,5
digital,5
por,5
tweet,5
Dallas,5
past,5
today!!,5
morning!,5
pre,5
glossier?,5
#birthdaycake,5
#sunday,5
#HowtoPerfect,5
Color,5
details,5
soon.,5
stories,5
#weekend,5
LINK:,5
FANS,5
one!,5
#skinsalve,5
Someone,5
date,5
me?,5
yourself!,5
good!,5
Fragrance,5
try?,5
LA,5
recent,5
haul.,5
Try:,5
wp.me/p6UvuT-1dS,5
Learn,5
@sotonbloggers,5
Crush,5
Vitamin,5
#glowrecipe,5
Balmdotcom,5
Real,5
round,5
serums.,5
late,5
#mood,5
brand.,5
#facemist,5
#rosewater,5
#lbloggersuk,5
hero,5
Found,5
aâ€¦,5
Review!,5
#holiday2016,5
delivered,5
#theordinary,5
regret,5
Me;,5
#narsissist,5
Companies,5
likes,5
#contest,5
sick,5
it?,5
bff,5
est,5
fragrance!,5
here!!,5
#FREE,5
drop,5
tips,5
Rep!,5
media,5
Easy,5
#birthdaybalmdotcom,5
mornings,5
bookmark,5
100%,5
size,5
c/o,5
#giorgioarmanibeauty,5
(link,5
girl.,5
CLOUD,5
CONCEALER,5
U,5
HAPPY,5
je,5
Something,5
love!,5
les,5
du,5
faves.,5
#film,5
simple,5
here!!!,5
Ultimate,5
@BloggerBees,5
Starting,5
update,5
JUST,5
highlight,5
dewy;,5
order?!,5
website,5
Studio,5
dusk,5
Totally,5
words,5
resist,5
hearing,5
day;,5
product?,5
Already,5
IT'S,5
brows.,5
sold,5
#nailpolish,5
break,5
easy,5
@#Glossier,5
??,5
work.,5
YouTube,5
goo.gl/JPUCFV,5
#nyxcosmetics,5
Glosses,5
Way,5
Intl,5
#skii,5
beautybykelsey.com/kelseybeauty/2,5
France,5
Paris,5
answer,5
BODY,5
glossier.com/reps/julie,5
des,5
#facemasks,5
sunscreen.,5
queen,5
"â€¦""",5
Hi!,5
month!,5
#SkinFirst,5
called,5
announced,5
alert,5
lineup,5
Over,5
please.,5
fellow,5
#coffee,5
#tartecosmetics,5
#GlossierGirl,5
#caudalie,5
Light,5
lose,5
cloth,5
"HEADBAND""",5
"bff.glossier.com/fWooo""",5
#smile,5
Hello;,5
quality,5
this;,5
Everyone,5
#beautyblender,5
enjoying,5
#vegan,5
#GRWM,5
Dreams,5
emails,5
#goals,5
#lifestyle,5
glossier.com/reps/kackie,5
#cute,5
#beautiful,5
#smilealways,5
total,5
â€,5
swear,5
cc,5
UK?,5
Join,5
#lipsticks,5
smooth,5
sun,5
Bounce,5
#France,5
@milkbarstore,5
Canadian,5
#skincarefirst,5
guys!,5
countries,5
everything.,5
hot,5
#color,5
tube,5
stickers.,5
things;,5
skin?,5
code!!,5
product.,5
essentials:,5
#lip,5
#cake,5
#beautybox,5
#megagreens,5
#instaskincare,5
#reviewGlossier,5
Essentials,5
saving,5
pour,5
data,5
You'll,5
#comingsoon,5
SKIN,5
Hope,5
sunscreen!,5
videos,5
#bobbibrown,5
#OutdoorVoices,5
â €,5
PRIMING,5
MOISTURIZER,5
RICH,5
eyebrows,5
OUT,5
da,5
Omg,5
bit.ly/glossier-cloud,5
skincare!,5
Mint,5
myâ€¦,5
@New,5
sticker,5
2015,5
plans,5
forbes.com/sites/clareoco,5
roses,5
today:,5
York;,5
lady,5
tropical,5
20%â€¦,5
perfection,5
sooo,5
#Branding,5
adorable,5
ooh,5
tmblr.co/Zfqpbw2IFg518,5
#tc,5
Content,5
#MaskForce,5
Add,5
creamy,5
regimen...,5
tmblr.co/Zfqpbw2HZ_Xj3,5
bff.glossier.com/eklnx,5
kissable,5
winter:,5
bit.ly/2knWAqq,5
#LunchtimeLusts,5
toâ€¦,5
gifts,5
train,5
#Repost,5
#oribe,5
edition,5
in!,5
Retail,5
voice,5
#glossierblacktieset,5
halo...,5
bit.ly/2dQt8be,5
tmblr.co/ZwPidn2DrdGgz,5
bit.ly/igchyism,5
Limited,5
fall,5
Like;,5
galaxy,5
lately.,5
Guys;,5
bff.glossier.com/efqgR,5
Soothing,5
#lemetierdebeaute,5
bff.glossier.com/d8DKd,5
She's,5
Early,5
Bit.ly/chygiveaway,5
dot.com,5
worldwide,5
#beccacosmetics,5
#Phase2,5
#glossierpenthouse,5
ÙÙŠ,5
Ø¹Ø§Ù„Ù…,5
#SXSW2016,5
Traditional,5
heart,5
fondatrice,5
#Diptyque,5
@NETAPORTER,5
25%,5
#askemanything,5
calendar!,5
Fridays,5
Studios,5
Talks,5
Modern,5
Monica,5
global.,5
tuned;,5
gls.sr/g_IRL,5
g.IRL,5
instagram.com/glossier,5
Thrive,5
Approach,5
#CyberMonday,4
#becca,4
finished,4
#glossiersale,4
15,4
bff.glossier.com/g74Ac,4
Glossier.com,4
FINALLY,4
#loreal,4
#pinkpouch,4
#teacupclub,4
#beechat,4
#thebloggershub,4
#nuxe,4
SHIPPING!,4
gal,4
bff.glossier.com/gPCYa,4
Cleansing,4
$$$,4
haze,4
puff,4
good?,4
Dry,4
wp.me/p6UvuT-xN,4
Such,4
in;,4
offers,4
everything;,4
fav!,4
EVERYONE,4
friday,4
TOMORROW,4
Jellyâ€¦,4
#ad,4
#christmas,4
youâ€™ll,4
offering,4
#BlackFridayDeals,4
you?,4
shipping!!,4
#deals,4
Live,4
plainsarahjayne.com/2017/11/glossi,4
er-really-worth-hype/,4
sitewide,4
till,4
watch,4
SHOP,4
orders!,4
faves!,4
#deal,4
Glowy,4
brow.,4
additional,4
starts,4
planning,4
Wondering,4
competition,4
#competition,4
#BloggersTribe,4
fabulous,4
skincare;,4
23,4
#Marketing,4
#beautycare,4
yesterday.,4
means,4
com.,4
account,4
mind,4
delivery.,4
power,4
LOVING,4
couple,4
#gift,4
$30!,4
launch!,4
makeup!,4
#facemask,4
#à¸–à¸¹à¸à¹à¸¥à¸°à¸”à¸µ,4
#à¸”à¸µà¸šà¸­à¸à¸•à¹ˆà¸­,4
#canada,4
blam,4
up;,4
Calling,4
#MilkMakeup,4
fancy,4
know!,4
together.,4
pinned,4
landed,4
on!,4
#womenintech,4
#babe,4
#marcjacobs,4
#maybelline,4
twitter.com/britishvogue/s,4
celebrate,4
totally,4
creative,4
Effortless,4
You?,4
shop!,4
fab,4
them!,4
trio,4
#GlossierCode,4
ssier-unpacking-review/,4
Gonna,4
Never,4
Dotcom!,4
#Balm,4
#glossierlipgloss,4
#naturalbeauty,4
#bathtime,4
#lush,4
change,4
#BBlogger,4
#colourpop,4
nuevo,4
weekend.,4
treats,4
mood,4
ever!,4
10th;,4
Quick,4
Question:,4
Details,4
BRAND,4
picks!,4
missed,4
N,4
#jilliandempsey,4
bit.ly/2yAhhcz,4
think?,4
â€¢â€¢â€¢,4
glad,4
sad,4
promise!,4
PACK,4
#musthaves,4
Trio,4
bathroom,4
bandwagon?,4
#brands,4
COMING,4
fist,4
chic,4
Rise,4
NOT,4
#beaute,4
#SkinCare,4
market,4
chez,4
Say,4
die,4
Duo.,4
hype!,4
purchase!!,4
bff.glossier.com/gGg-2,4
goodies!!,4
Moisturizer.,4
way!,4
calls,4
jumped,4
sending,4
#need,4
#photography,4
#sweatshirt,4
wp.me/p6UvuT-11v,4
#slip,4
beauty.,4
not?,4
cleanser!,4
Weekend,4
style,4
Test,4
ow.ly/sWPt30fA8xC,4
#Tested,4
Fast,4
afternoon,4
#blogginggals,4
yay!,4
guide,4
tired,4
Curious,4
purchasing,4
You;,4
#allbeautylaunch,4
warm,4
reviewing,4
social,4
Pre-order,4
#youlookgood,4
wallpaper,4
tip,4
s/920663630214987778,4
wow,4
Putting,4
absolutely,4
bottle,4
af,4
STRETCH,4
BUT,4
3rd,4
uk,4
jam,4
amazing.,4
ofâ€¦,4
ICYMI,4
involved,4
codes,4
beautÃ©,4
J'ai,4
Glowing,4
#dewyskin,4
Style,4
lips;,4
Huge,4
Sometimes,4
finishing,4
instagram.com/anddailybeauty/,4
#inspo,4
Those,4
guess,4
Game,4
polish,4
Arrived,4
..,4
#kbeauty,4
sample!,4
Fresh,4
alert!,4
bff.glossier.com/gv0ct,4
nights,4
ppl,4
à¸ªà¸µ,4
Then,4
missing,4
paint;,4
minute,4
smile,4
Dear,4
fans;,4
colours,4
bye,4
huge,4
â™¡,4
Yay,4
everything!,4
today...,4
ahead,4
cindyhyue.com/wwwcindyhyueco,4
#Entrepreneur,4
entm.ag/1pb,4
Wash,4
finish.,4
Cleanser;,4
Set.,4
quick,4
include,4
#VC,4
wowder,4
#Hair,4
supposed,4
Thx,4
Back,4
Weiss:,4
Blogger,4
Builder,4
::,4
9th,4
FOTD.,4
GIVEAWAY,4
Thereâ€™s,4
bloggers,4
à¹€à¸›à¸´à¸”à¸ˆà¸­à¸‡,4
UP,4
deets.,4
added,4
#fentybeauty,4
#be,4
#primer,4
Nice,4
tutorial,4
#basics,4
Wow,4
#bioderma,4
pink.,4
Les,4
Foundations,4
ad,4
Okay,4
tint;,4
baht,4
$18,4
#benefitcosmetics,4
model,4
bff.glossier.com/gsx3z,4
Iâ€¦,4
go!,4
Lazy,4
#lifestyleblogger,4
patiently,4
Women,4
820,4
everyday.,4
nude,4
#gucci,4
gotta,4
sunday,4
Hydrating,4
OMG!,4
*NEW*,4
Concealer;,4
Set!,4
#smallyoutubers,4
fave.,4
WAIT,4
HEADBAND,4
tinted,4
penthouse,4
#aesthetic,4
add,4
ladies,4
vs.,4
ONLY,4
God,4
#notsponsored,4
#Giveaway,4
wonders,4
#coverfx,4
Amazing,4
chat,4
#bronzer,4
#design,4
true!,4
video!,4
year!,4
lol,4
kinds,4
Selling,4
beautyhealthandcurls.com/2017/08/glossi,4
er-wowder-weightless-finishing.html,4
bff.glossier.com/fs9yN,4
Should,4
bff.glossier.com/d0Paq,4
Ok,4
detailed,4
addicted,4
#campglossier,4
#birthdaybalm,4
#quartz,4
July,4
#favorites,4
pure,4
20%!,4
She,4
whats,4
abt,4
youtu.be/Yu3Y7iRnopQ,4
liking,4
Wish,4
Too,4
moisturizer.,4
touch,4
global,4
only!,4
FAM!,4
NYC!,4
#facewash,4
bff.glossier.com/fMYN8,4
built,4
good!!,4
#phase1set,4
#highlight,4
#lipbalms,4
c'est,4
Dotcom;,4
#ICYMI,4
combo,4
routine!,4
@Racked,4
ass,4
#techcrunch,4
International,4
Hump,4
shiny,4
glow!,4
bit.ly/2tMfkXH,4
Gotta,4
DotCom,4
comments,4
kiss,4
shot,4
pic,4
First.,4
fun.,4
salve,4
BDC,4
#makeupgiveaway,4
Sunscreen,4
Available,4
bff.glossier.com/e5X_Q,4
Actually,4
now!!,4
insta,4
leaves,4
#makeupoftheday,4
Care,4
$$,4
branding,4
Pamper,4
bff.glossier.com/fsYMZ,4
Day.,4
2BLUSH,4
home.,4
skincare/makeup,4
#herbivorebotanicals,4
glossier.com/reps/nicki,4
#tbt,4
stuff.,4
based,4
Outdoor,4
Voices,4
Where,4
#supers,4
gen,4
twitter.com/mixmastermel_b,4
release,4
page:,4
blush..bit.ly/glossier-cloudâ€¦.,4
stoked,4
....,4
blush..,4
tuned.,4
#biologiquerecherche,4
showroom.,4
Instagram.com/chyism,4
head,4
Cake.,4
BEAUTY,4
Cant,4
glossier.com/reps/mindy,4
#inglot,4
#internationalgiveaway,4
@forbes,4
#toofaced,4
Working,4
#â€¦,4
essentials!,4
#superglow,4
HELLOLA,4
Glossy;,4
#coupons,4
morning.,4
picture,4
bit.ly/2nBVawn,4
#milkjellycleanser,4
#avene,4
Coco,4
hydrating,4
Weiss;,4
Set:,4
Brown,4
sa,4
god,4
#peachandlily,4
Supers!,4
Goodbye,4
star,4
tamed,4
up!!,4
quickly,4
favorites.,4
USA,4
PROMO,4
excellent,4
Clear!,4
formula,4
#coquicoqui,4
ads,4
addict,4
@Refinery29,4
#office,4
Flavored,4
.â €,4
Less,4
#nofilter,4
SUPERS,4
#Retail,4
raises,4
#topshelf,4
#penthouse,4
bff.glossier.com/d5xNc,4
$24,4
#bestfriend,4
tone,4
Gloss.,4
swap,4
#makeupblogger,4
rn,4
photos,4
snapchat,4
#millennials,4
fucking,4
off!!,4
arrived.,4
buddies,4
Eye,4
Before,4
putting,4
$30+,4
#eyebrowgoals,4
Late,4
#thinkpink,4
#humpday,4
grown,4
#crush,4
bff.glossier.com/dReXr,4
LIFE,4
popular,4
10;000,4
dotcom!,4
#olo,4
#ITGTopShelfie,4
Ø°Ø§Ø¹,4
ØµÙŠØªÙ‡Ø§,4
#Ø§Ù„Ù…Ø³ØªØ­Ø¶Ø±Ø§Øª,4
123,4
@KatherinePower,4
industry,4
spy,4
Mornings,4
.glossier,4
Karlie,4
Kloss.,4
trust,4
#mvorganicskincare,4
mask.,4
there.,4
#masks,4
crowdsourced,4
primer,4
Sunday.,4
Branding,4
ritual,4
cc:,4
#summerfridays,4
green,4
{,4
signing,4
@Nasty,4
necessary.,4
over.,4
patience!,4
SF,4
Led,4
Verticalized,4
"makeup.""",4
Launches,4
wrote,3
products...,3
Â£45,3
#Glossiervoucher,3
Second,3
Exciting,3
duo:,3
gang!,3
$30/$40CAD/Â£25,3
thoughts?,3
ALL!,3
LAST,3
DAY,3
advantage,3
SOME,3
AT,3
#cosmetic,3
fair,3
orders.,3
s/932639684966211586,3
#WOWDER,3
clever,3
lots,3
#glossierbeauty,3
mentioned,3
w.,3
Iâ€™mâ€¦,3
giveaway?,3
haloscope;,3
brand!,3
consumer,3
moisturized,3
#makeupmonday,3
11,3
wrong,3
@tatcha_v,3
Cyber,3
single,3
prepared,3
#selfcare,3
youâ€™re,3
set;,3
<--,3
wide,3
11/27,3
bff.glossier.com/g9hnQ,3
sister,3
savings,3
b/c,3
#shop,3
atm.,3
BLACK,3
FRIDAY,3
Fancy,3
enter!,3
questions!,3
broke,3
dotcom;,3
#youtuber,3
s/933928778400780288,3
#visitlondon,3
20,3
Month,3
#beautywriter,3
@EveryBlogRT,3
human,3
cosmetic,3
dedicated,3
debut,3
#NewYork,3
@Sephora,3
#beautyhaul,3
Liquid,3
Lipstick,3
time.,3
#skinemmies2017,3
aka,3
#socialmediamarketing,3
line.,3
OF,3
glossier.com/reps/sarahjtin,3
oco,3
blown,3
Used,3
Reviewing,3
#shower,3
AMAZING!,3
#beam,3
#holiday,3
#blue,3
move,3
off),3
à¸‚à¸­à¸‡,3
else;,3
again.,3
That's,3
World,3
Haul!,3
ABOUT,3
#linkinbio,3
Me!,3
#event,3
future,3
brands.,3
#please,3
below!,3
#TooFaced,3
secret,3
thelovecatsinc.com/2017/10/glossi,3
er-delivery-uk-what-to-buy-haul.html,3
sea,3
@UKBloggersRT,3
LONDON,3
bff.glossier.com/gUI5e,3
Al,3
wp.me/p6UvuT-1hY,3
win.,3
visited,3
design,3
#GlossierRep,3
Out,3
month.,3
time;,3
Wednesday!,3
wp.me/p6UvuT-1jk,3
#washington,3
caught,3
#liketkit,3
er,3
sales,3
bff.glossier.com/gES50,3
step,3
Few,3
pamper,3
fallen,3
@Bloggeration_,3
Zip.,3
#GIVEAWAY,3
Living,3
dreams.,3
#dewy,3
skincare.,3
Fashion,3
Now?,3
GIVEAWAY!,3
tint.,3
Anybody,3
wendyrowe.com/makeup/brands-,3
love-glossier-picks,3
babes;,3
#westcoast,3
Beyond,3
business,3
November,3
details!,3
3010,3
#hendersonave,3
@HendersonAve,3
#Dallas,3
#PopUp,3
coolest,3
Love:,3
key,3
rule,3
chilled,3
far!,3
week's,3
GALAXY,3
MOISTURIZING,3
MOON,3
MADE,3
#whatsinmybag,3
#Moisturizer,3
#Primer,3
Believe,3
dmagazine.com/health-fitness,3
/2017/11/glossiers-first-u-s-pop-up-is-coming-to-dallas-heres-everything-you-need-to-know/,3
kit.,3
HAUL,3
#yyz,3
@modelrecommends,3
HOW,3
shelfie,3
place.,3
it:,3
Testing,3
Gabrielle,3
CLEANSER,3
changing!,3
magic,3
blog...,3
yours?,3
girls;,3
discount;,3
You.,3
weardaisywent.com,3
@bbloggerschat,3
#embryolisse,3
picks:,3
LIP,3
#me,3
#goodvibes,3
#winter,3
People,3
youtu.be/DmfGlTwT5co,3
bandwagon,3
weather,3
twitter.com/i/web/status/9,3
#MUA,3
#sundayfunday,3
out?,3
scoop,3
Sheâ€™s,3
:D,3
Unveils,3
stylecaster.com/beauty/glossie,3
#Kiehls,3
GLOSSIER!,3
contest,3
Essentials.,3
personal,3
#favorite,3
Double,3
#obsession,3
combination,3
catch,3
#browboy,3
Wore,3
REVIEW,3
damselflavored.com,3
#beautygiveaway,3
Enjoy!,3
dotcom.,3
twitter.com/IntoTheGloss/s,3
HERE!,3
Base,3
s/922420044675665921,3
yay,3
babes!,3
s/922216136699150337,3
win!,3
NOW,3
makeup?,3
P,3
begins,3
Girls,3
balmdotcom,3
Wait,3
Forever,3
#Win,3
inspo,3
#sulwhasoo,3
Received,3
#beautyreviews,3
pre-order,3
s/921126432813838340,3
hunt,3
NOW!,3
discount?,3
($18),3
PAINT,3
#finally,3
beautiful!,3
3,3
stunning,3
#goodies,3
yr,3
ICYMI:,3
via:,3
bff.glossier.com/gHsso,3
holy,3
grail,3
concealer.,3
order!),3
adding,3
note,3
Et,3
pas,3
awhile,3
#Fragrance,3
favourites,3
trio.,3
bff.glossier.com/gIduk,3
YES!,3
arrived!!,3
pampering,3
#vogue,3
Sounds,3
TRY,3
Sneak,3
hype.,3
repurchase,3
#howtoperfact,3
Makeup-Makeup,3
wp.me/p6UvuT-oq,3
Was,3
nail,3
no.,3
#iminlove,3
throw,3
page!,3
$,3
order...,3
TOMORROW!,3
Story,3
#livingproof,3
BUY,3
STUFF,3
com!,3
#poll,3
hear?,3
rep!,3
Cake;,3
Support,3
settle,3
pics,3
deep,3
#Party,3
Awesome,3
message,3
friends;,3
moisturiser,3
tfw,3
explain,3
buy!,3
pals!,3
glossier.com/reps/paige,3
Ordering,3
UK.,3
bff.glossier.com/gGjhP,3
Placed,3
May,3
Yes!,3
off!!!,3
fix,3
à¹à¸—à¹ˆà¸‡,3
serums!,3
BOY,3
BROW,3
fill,3
tame,3
items!,3
NO,3
glowing.,3
Price,3
glossier.com/reps/itzy,3
POST!,3
know;,3
PS,3
you!!,3
usual,3
English,3
tbh,3
#makeuptutorial,3
#beautyrx,3
#happysunday,3
#burberry,3
iamserenel.com/2017/09/30/glo,3
hell,3
unlocks,3
à¸šà¸²à¸—à¸—,3
plz,3
hate,3
apply,3
fingers,3
#TuesdayMotivation,3
Entrepreneur,3
Tamira,3
drops,3
tmblr.co/Zfqpbw2P_Up6q,3
8,3
#BeautyProducts,3
#CHANEL,3
Upgrade,3
#loccitane,3
giveaway!,3
ton,3
#bodycare,3
Loved,3
bit.ly/2xHQTtd,3
Love.,3
#brow,3
Finally!,3
RenÃ©e,3
Rodenkirchen.,3
par,3
#lessismore,3
.â€¦,3
e-14515039/glossier-wowder-first-impressions-discount-5784962913,3
tested,3
produits,3
Wants,3
#paris,3
glossier.com/reps/ivy,3
Charlotte,3
Tilbury,3
wp.me/p6UvuT-9V,3
bff.glossier.com/fZnb9,3
1420,3
50%,3
#dtla,3
#Weiss,3
#glossiertoronto,3
hacked,3
cult-like,3
#handcream,3
magazine,3
goal,3
stand,3
s/907941355736915968,3
#fashionweek,3
$35,3
do.,3
dropped,3
happened!,3
cream.,3
releases,3
#glossierreview,3
Club,3
#milani,3
you!!!,3
35,3
til,3
#glowingskin,3
//â€¦,3
#Hacked,3
days.,3
c-firma,3
#healthy,3
âž¤,3
@outfy,3
review.,3
soft;,3
fly.,3
#Travel,3
Haves,3
wp.me/p6UvuT-Ck,3
#mascara,3
lipgloss,3
Taking,3
#rodial,3
wp.me/p6UvuT-R8,3
vibrantbeautyblog.blogspot.ca/2017/08/look-o,3
f-day-beam-of-light.html,3
HQ,3
impressed,3
#smallyoutubercommunity,3
#GirlBoss,3
Headband,3
#FOTD,3
#kevynaucoin,3
remember,3
forever.,3
"#Glossier""",3
go;,3
ow.ly/ytpi50dyGpL,3
#bloggersblast,3
re:,3
bath,3
#rp,3
damn,3
image,3
#D2C,3
#Natural,3
#entrepreneur,3
st,3
eyebrow,3
#katburki,3
finding,3
discovered,3
Preserved,3
Virginia:,3
born,3
era,3
#LA,3
#vinyl,3
milkmakeup,3
complimentary,3
Obsessing,3
changed,3
@Allure_magazine,3
@TeenVogue,3
#FinishingPowder,3
Mondays,3
Cleanser.,3
MAKE,3
cute!,3
obsessed!,3
Blond,3
Round,3
intothegloss.com/2016/11/glossi,3
Jam;,3
#beautyeditor,3
1,3
2,3
for?,3
#honey,3
Dropped,3
Weâ€™re,3
WOWDER,3
#greenbeauty,3
emollient,3
there;,3
Milk,3
product;,3
immediately,3
tee,3
support,3
favorites!,3
purchases,3
City,3
#like,3
Update,3
RMS,3
Again,3
#chic,3
well;,3
gals,3
Luxe,3
Linenâ€™s,3
too?,3
bit.ly/2ungxpa,3
ONE,3
orders;,3
only.,3
chance!,3
gleam.io/v6Z6u/win-a-gl,3
ossier-phase-1-set-wnew-birthday-balm-dotcom,3
glossier.com/reps/velvetrep,3
ort,3
2BLUSH.,3
Pop,3
#makeupbag,3
So;,3
bounce,3
fresh.,3
addition,3
Hands,3
Glad,3
topaz,3
moisture,3
isâ€¦,3
#brandrep,3
Mini,3
Brow!,3
testing,3
helps,3
Picks!,3
#MOTD,3
stores,3
hip;,3
bff.glossier.com/fN2wl,3
expansion,3
goo.gl/hcoU5Y,3
hooray!,3
etc.,3
OH,3
#bdib,3
love;,3
instagram.com/p/BWh-EgHgrZj/,3
#fashionblog,3
##glossier,3
brand?,3
#photooftheday,3
#instagood,3
moment.,3
moreâ€¦,3
im,3
packaging;,3
strategy,3
#freckles,3
highly,3
suggest,3
#hairstylist,3
think.,3
hint,3
#best,3
Manhattan,3
#iphone,3
#birthday,3
set!,3
#glossiercouponcode,3
#bumbleandbumble,3
next?,3
#topaz,3
Okay;,3
@NARSissist,3
unwind,3
mask!,3
detox,3
brittmaren.com/glowposts/beau,3
these.,3
raised,3
Goodnight,3
#masking,3
Tap,3
#smashbox,3
Shield;,3
CAKE,3
heaven.,3
shit,3
$6,3
#empties,3
Dusk.,3
#skininc,3
#repost,3
#Serums,3
US;,3
lost,3
use.,3
balm.,3
Major,3
beats,3
reading,3
profile.,3
#collab,3
creating,3
'em;,3
@glossyco,3
Pro,3
brighten,3
#bareminerals,3
money.,3
flavored,3
on;,3
guys;,3
Marketing,3
#wakeupandmakeup,3
Chanel,3
Acid,3
#GirlsWhoCode,3
ou,3
leÃ§on,3
dâ€™une,3
nouvelle,3
times,3
#InvisibleShield,3
(+20%,3
acne,3
Startups,3
Thoughts,3
#beautytips,3
dreamy,3
Clear.,3
Every.,3
Single.,3
#gifted,3
bunch,3
babes,3
founded,3
#life,3
told,3
#tnw2017,3
#fangirl,3
#waves,3
#summertime,3
#oil,3
#Outdoor_Voices,3
1110,3
GLOSS,3
today!!!,3
TOO,3
spray,3
speak,3
#20%off,3
Serum,3
wstale.com/beauty/glossie,3
dropping,3
Packing,3
couponchief.com/glossier?coupo,3
rush,3
speaking,3
#glossiersupers,3
Rose;,3
#beeaddicted,3
Light;,3
rituals,3
Want:,3
dnamag.co/home/what-we-w,3
ant-glossier-clear-lipgloss,3
Picking,3
Faves,3
major,3
BE,3
1:,3
#cherry,3
drop!,3
Grace,3
#louisvuitton,3
Her,3
Bio,3
instagram.com/chyism,3
boost,3
'HELLOLA',3
magic!,3
Easter,3
#cremorlab,3
bff.glossier.com/e_N54,3
notice,3
@marieclaire,3
@NylonMag,3
house,3
all.,3
deets,3
good;,3
nails,3
bff.glossier.com/fgvaA,3
(20%,3
#fun,3
order!!!,3
world!,3
Tea,3
Room,3
bei,3
para,3
moonstone,3
way.,3
#phillystyle,3
#phlbloggers,3
Goodies,3
spring,3
ultra,3
lightweight,3
Paint!,3
cat,3
Know,3
#versoskincare,3
Company,3
inâ€¦,3
sleep,3
@Los,3
Angeles;,3
Madeline,3
Wheeler,3
Hair,3
perfectly,3
night!,3
#yass,3
premier,3
VIDEO,3
February,3
wore,3
bff.glossier.com/dllit,3
bff.glossier.com/d2i7t,3
crush,3
#excited,3
Tomorrow,3
btw,3
ingredients,3
#tgif,3
tcrn.ch/2l27mVp,3
Eyebrows,3
Tint?,3
Chicago,3
Dewy,3
#marble,3
CrÃ¨me,3
blog?,3
Bit.ly/igchyism,3
Five,3
H,3
bff.glossier.com/ewfxL,3
LoesStam,3
instagram.com/p/BP7oPeSBO-k/,3
@bitebeauty,3
bit.ly/2kj9u7Z,3
allergic,3
reaction,3
nothing.,3
blessed,3
con,3
bag?,3
#kosascosmetics,3
#things,3
bit.ly/2ic0hNp,3
#PrimingMoisturizerRich,3
asâ€¦,3
amazing!,3
Who's,3
family,3
#bombdotcom,3
pronounced,3
2016,3
une,3
DO,3
pouches,3
#fitness,3
bit.ly/1NbMbIc,3
Instagram;,3
selfies,3
this...,3
ãƒ»ãƒ»ãƒ»,3
#josiemaran,3
christmas,3
dotcoms,3
#packagingdesign,3
#ihaveaproblem,3
#wellness,3
#blacktie,3
#MilkyJelly,3
Million,3
Opening,3
Nasty,3
stocking,3
Zip!,3
(US,3
only),3
choices.,3
#onomiebeauty,3
Favorites.,3
Drop,3
bff.glossier.com/eiJri,3
featured,3
Changer:,3
Rotating,3
tiny,3
shades.,3
Twitter,3
verdict,3
colors,3
surprising,3
#simple,3
dans,3
bff.glossier.com/d5ubn,3
ln.is/www.08liter.co,3
moisturizer;,3
unlock,3
wins,3
twitter.com/forbes/status/,3
#forbes,3
#drbeautiful,3
yourself;,3
bff.glossier.com/d5T0b,3
12th,3
#candle,3
#OfferCode,3
filter,3
Startup,3
#Startup,3
Travel,3
#brooklyn,3
#giorgioarmani,3
#happy,3
#snapchat,3
#Chantecaille,3
#Brand,3
#clarins,3
#facial,3
glossierâ€¦,3
podcast,3
#restock,3
products!!!,3
whyGlossier,3
Plusâ€¦,3
#TomFordBeauty,3
Trio!,3
HALOTHERESA,3
sticks,3
sign,3
floor,3
recommendation,3
Monday's,3
perfection.,3
@narsissist,3
#bliss,3
hurry,3
yet!,3
for...,3
#girlgang,3
#flowerpower,3
#nature,3
#plantlove,3
desk,3
courtesy,3
swag,3
Thanks;,3
for.,3
Yum.,3
{Psst.,3
haz,3
20%},3
#MakeupSecond,3
P2STHERESA,3
#spring,3
Introduces,3
Blog,3
#coconutbalm,3
tint!,3
@Theâ€¦,3
tagged,3
Instagram:,3
blast,3
"involved""",3
#sxstyle,3
Sells:,3
Delivering,3
Self,3
fitting,3
Fall,3
#beautyessentials,3
twitter.com/norah_s/status,3
bit.ly/20p2Ta2,3
#galaxypack,3
goo.gl/cLMFG8,3
#sigmabeauty,3
#Nars,3
first;,3
#topshelfie,3
Meeting,3
#vibes,3
#inhautepursuit,3
email.,3
@Dynamo,3
#celine,3
essentials;,3
@coletteBeauty,3
soon),3
leather,3
#NYFW,3
#lamodedujour,3
#quote,3
fait,3
"""""",3
#strobing,3
level.,3
},3
smellslikevacation.glossier.com/ad510fc6,3
peek,3
@nastygal,3
Times:,3
@NewCorner,3
#ctilbury,3
pinterest.com/pin/1454522629,3
"own.""",3
"#TCDisrupt""",3
#monday,3
Atâ€¦,3
beautym.be/1aXxXLT,3
updated!,3
#aotd,3
@taylashae,3
#30under30,3
liner,3
rsvpsf.glossier.com,3
@Ludlow,3
away--it's,3
@digitalPermUK,3
Perm,3